MUNI_ID_DPTO;NOMBRE_DPTO;MUNI_ID_MPIO;NOMBRE_MPIO
05;ANTIOQUIA;001;MEDELLIN
08;ATLANTICO;001;BARRANQUILLA
11;BOGOTA, D.C.;001;BOGOTA, D.C.
13;BOLIVAR;001;CARTAGENA DE INDIAS
15;BOYACA;001;TUNJA
17;CALDAS;001;MANIZALES
18;CAQUETA;001;FLORENCIA
19;CAUCA;001;POPAYAN
20;CESAR;001;VALLEDUPAR
23;CORDOBA;001;MONTERIA
25;CUNDINAMARCA;001;AGUA DE DIOS
27;CHOCO;001;QUIBDO
41;HUILA;001;NEIVA
44;LA GUAJIRA;001;RIOHACHA
47;MAGDALENA;001;SANTA MARTA
50;META;001;VILLAVICENCIO
52;NARINO;001;PASTO
54;NORTE DE SANTANDER;001;CUCUTA
63;QUINDIO;001;ARMENIA
66;RISARALDA;001;PEREIRA
68;SANTANDER;001;BUCARAMANGA
70;SUCRE;001;SINCELEJO
73;TOLIMA;001;IBAGUE
76;VALLE DEL CAUCA;001;CALI
81;ARAUCA;001;ARAUCA
85;CASANARE;001;YOPAL
86;PUTUMAYO;001;MOCOA
88;ARCHIPIELAGO DE SAN ANDRES, PROVIDENCIA Y SANTA CATALINA;001;SAN ANDRES
91;AMAZONAS;001;LETICIA
94;GUAINIA;001;INIRIDA
95;GUAVIARE;001;SAN JOSE DEL GUAVIARE
97;VAUPES;001;MITU
99;VICHADA;001;PUERTO CARRENO
05;ANTIOQUIA;002;ABEJORRAL
54;NORTE DE SANTANDER;003;ABREGO
05;ANTIOQUIA;004;ABRIAQUI
13;BOLIVAR;006;ACHI
27;CHOCO;006;ACANDI
41;HUILA;006;ACEVEDO
50;META;006;ACACIAS
85;CASANARE;010;AGUAZUL
20;CESAR;011;AGUACHICA
17;CALDAS;013;AGUADAS
20;CESAR;013;AGUSTIN CODAZZI
41;HUILA;013;AGRADO
68;SANTANDER;013;AGUADA
85;CASANARE;015;CHAMEZA
95;GUAVIARE;015;CALAMAR
41;HUILA;016;AIPE
25;CUNDINAMARCA;019;ALBAN
52;NARINO;019;ALBAN
41;HUILA;020;ALGECIRAS
68;SANTANDER;020;ALBANIA
76;VALLE DEL CAUCA;020;ALCALA
05;ANTIOQUIA;021;ALEJANDRIA
15;BOYACA;022;ALMEIDA
19;CAUCA;022;ALMAGUER
52;NARINO;022;ALDANA
73;TOLIMA;024;ALPUJARRA
27;CHOCO;025;ALTO BAUDO
95;GUAVIARE;025;EL RETORNO
41;HUILA;026;ALTAMIRA
73;TOLIMA;026;ALVARADO
18;CAQUETA;029;ALBANIA
05;ANTIOQUIA;030;AMAGA
13;BOLIVAR;030;ALTOS DEL ROSARIO
47;MAGDALENA;030;ALGARROBO
73;TOLIMA;030;AMBALEMA
05;ANTIOQUIA;031;AMALFI
20;CESAR;032;ASTREA
05;ANTIOQUIA;034;ANDES
25;CUNDINAMARCA;035;ANAPOIMA
44;LA GUAJIRA;035;ALBANIA
05;ANTIOQUIA;036;ANGELOPOLIS
52;NARINO;036;ANCUYA
76;VALLE DEL CAUCA;036;ANDALUCIA
05;ANTIOQUIA;038;ANGOSTURA
05;ANTIOQUIA;040;ANORI
25;CUNDINAMARCA;040;ANOLAIMA
76;VALLE DEL CAUCA;041;ANSERMANUEVO
05;ANTIOQUIA;042;SANTA FE DE ANTIOQUIA
13;BOLIVAR;042;ARENAL
17;CALDAS;042;ANSERMA
73;TOLIMA;043;ANZOATEGUI
05;ANTIOQUIA;044;ANZA
05;ANTIOQUIA;045;APARTADO
20;CESAR;045;BECERRIL
66;RISARALDA;045;APIA
15;BOYACA;047;AQUITANIA
17;CALDAS;050;ARANZAZU
19;CAUCA;050;ARGELIA
27;CHOCO;050;ATRATO
05;ANTIOQUIA;051;ARBOLETES
15;BOYACA;051;ARCABUCO
52;NARINO;051;ARBOLEDA
54;NORTE DE SANTANDER;051;ARBOLEDAS
68;SANTANDER;051;ARATOCA
13;BOLIVAR;052;ARJONA
25;CUNDINAMARCA;053;ARBELAEZ
47;MAGDALENA;053;ARACATACA
76;VALLE DEL CAUCA;054;ARGELIA
05;ANTIOQUIA;055;ARGELIA
73;TOLIMA;055;ARMERO
47;MAGDALENA;058;ARIGUANI
05;ANTIOQUIA;059;ARMENIA
20;CESAR;060;BOSCONIA
13;BOLIVAR;062;ARROYOHONDO
81;ARAUCA;065;ARAUQUITA
73;TOLIMA;067;ATACO
23;CORDOBA;068;AYAPEL
27;CHOCO;073;BAGADO
13;BOLIVAR;074;BARRANCO DE LOBA
19;CAUCA;075;BALBOA
27;CHOCO;075;BAHIA SOLANO
66;RISARALDA;075;BALBOA
27;CHOCO;077;BAJO BAUDO
68;SANTANDER;077;BARBOSA
08;ATLANTICO;078;BARANOA
41;HUILA;078;BARAYA
44;LA GUAJIRA;078;BARRANCAS
05;ANTIOQUIA;079;BARBOSA
23;CORDOBA;079;BUENAVISTA
52;NARINO;079;BARBACOAS
68;SANTANDER;079;BARICHARA
68;SANTANDER;081;BARRANCABERMEJA
52;NARINO;083;BELEN
05;ANTIOQUIA;086;BELMIRA
25;CUNDINAMARCA;086;BELTRAN
15;BOYACA;087;BELEN
05;ANTIOQUIA;088;BELLO
17;CALDAS;088;BELALCAZAR
66;RISARALDA;088;BELEN DE UMBRIA
15;BOYACA;090;BERBEO
23;CORDOBA;090;CANALETE
44;LA GUAJIRA;090;DIBULLA
05;ANTIOQUIA;091;BETANIA
15;BOYACA;092;BETEITIVA
68;SANTANDER;092;BETULIA
05;ANTIOQUIA;093;BETULIA
18;CAQUETA;094;BELEN DE LOS ANDAQUIES
25;CUNDINAMARCA;095;BITUIMA
15;BOYACA;097;BOAVITA
44;LA GUAJIRA;098;DISTRACCION
25;CUNDINAMARCA;099;BOJACA
27;CHOCO;099;BOJAYA
54;NORTE DE SANTANDER;099;BOCHALEMA
19;CAUCA;100;BOLIVAR
76;VALLE DEL CAUCA;100;BOLIVAR
05;ANTIOQUIA;101;CIUDAD BOLIVAR
68;SANTANDER;101;BOLIVAR
15;BOYACA;104;BOYACA
15;BOYACA;106;BRICENO
05;ANTIOQUIA;107;BRICENO
15;BOYACA;109;BUENAVISTA
54;NORTE DE SANTANDER;109;BUCARASICA
76;VALLE DEL CAUCA;109;BUENAVENTURA
19;CAUCA;110;BUENOS AIRES
44;LA GUAJIRA;110;EL MOLINO
50;META;110;BARRANCA DE UPIA
52;NARINO;110;BUESACO
70;SUCRE;110;BUENAVISTA
63;QUINDIO;111;BUENAVISTA
76;VALLE DEL CAUCA;111;GUADALAJARA DE BUGA
05;ANTIOQUIA;113;BURITICA
76;VALLE DEL CAUCA;113;BUGALAGRANDE
15;BOYACA;114;BUSBANZA
05;ANTIOQUIA;120;CACERES
25;CUNDINAMARCA;120;CABRERA
68;SANTANDER;121;CABRERA
76;VALLE DEL CAUCA;122;CAICEDONIA
25;CUNDINAMARCA;123;CACHIPAY
50;META;124;CABUYARO
70;SUCRE;124;CAIMITO
73;TOLIMA;124;CAJAMARCA
05;ANTIOQUIA;125;CAICEDO
54;NORTE DE SANTANDER;125;CACOTA
85;CASANARE;125;HATO COROZAL
25;CUNDINAMARCA;126;CAJICA
76;VALLE DEL CAUCA;126;CALIMA
54;NORTE DE SANTANDER;128;CACHIRA
05;ANTIOQUIA;129;CALDAS
19;CAUCA;130;CAJIBIO
63;QUINDIO;130;CALARCA
76;VALLE DEL CAUCA;130;CANDELARIA
15;BOYACA;131;CALDAS
41;HUILA;132;CAMPOALEGRE
68;SANTANDER;132;CALIFORNIA
05;ANTIOQUIA;134;CAMPAMENTO
15;BOYACA;135;CAMPOHERMOSO
27;CHOCO;135;EL CANTON DEL SAN PABLO
85;CASANARE;136;LA SALINA
08;ATLANTICO;137;CAMPO DE LA CRUZ
19;CAUCA;137;CALDONO
05;ANTIOQUIA;138;CANASGORDAS
85;CASANARE;139;MANI
13;BOLIVAR;140;CALAMAR
08;ATLANTICO;141;CANDELARIA
05;ANTIOQUIA;142;CARACOLI
19;CAUCA;142;CALOTO
05;ANTIOQUIA;145;CARAMANTA
05;ANTIOQUIA;147;CAREPA
68;SANTANDER;147;CAPITANEJO
76;VALLE DEL CAUCA;147;CARTAGO
05;ANTIOQUIA;148;EL CARMEN DE VIBORAL
25;CUNDINAMARCA;148;CAPARRAPI
73;TOLIMA;148;CARMEN DE APICALA
05;ANTIOQUIA;150;CAROLINA
18;CAQUETA;150;CARTAGENA DEL CHAIRA
27;CHOCO;150;CARMEN DEL DARIEN
50;META;150;CASTILLA LA NUEVA
25;CUNDINAMARCA;151;CAQUEZA
68;SANTANDER;152;CARCASI
73;TOLIMA;152;CASABIANCA
05;ANTIOQUIA;154;CAUCASIA
25;CUNDINAMARCA;154;CARMEN DE CARUPA
13;BOLIVAR;160;CANTAGALLO
27;CHOCO;160;CERTEGUI
68;SANTANDER;160;CEPITA
47;MAGDALENA;161;CERRO DE SAN ANTONIO
97;VAUPES;161;CARURU
15;BOYACA;162;CERINZA
23;CORDOBA;162;CERETE
68;SANTANDER;162;CERRITO
85;CASANARE;162;MONTERREY
68;SANTANDER;167;CHARALA
23;CORDOBA;168;CHIMA
25;CUNDINAMARCA;168;CHAGUANI
73;TOLIMA;168;CHAPARRAL
68;SANTANDER;169;CHARTA
47;MAGDALENA;170;CHIVOLO
66;RISARALDA;170;DOSQUEBRADAS
05;ANTIOQUIA;172;CHIGORODO
15;BOYACA;172;CHINAVITA
54;NORTE DE SANTANDER;172;CHINACOTA
17;CALDAS;174;CHINCHINA
54;NORTE DE SANTANDER;174;CHITAGA
20;CESAR;175;CHIMICHAGUA
25;CUNDINAMARCA;175;CHIA
15;BOYACA;176;CHIQUINQUIRA
68;SANTANDER;176;CHIMA
20;CESAR;178;CHIRIGUANA
25;CUNDINAMARCA;178;CHIPAQUE
68;SANTANDER;179;CHIPATA
15;BOYACA;180;CHISCAS
25;CUNDINAMARCA;181;CHOACHI
23;CORDOBA;182;CHINU
15;BOYACA;183;CHITA
25;CUNDINAMARCA;183;CHOCONTA
15;BOYACA;185;CHITARAQUE
15;BOYACA;187;CHIVATA
13;BOLIVAR;188;CICUCO
15;BOYACA;189;CIENEGA
23;CORDOBA;189;CIENAGA DE ORO
47;MAGDALENA;189;CIENAGA
05;ANTIOQUIA;190;CISNEROS
63;QUINDIO;190;CIRCASIA
68;SANTANDER;190;CIMITARRA
05;ANTIOQUIA;197;COCORNA
25;CUNDINAMARCA;200;COGUA
73;TOLIMA;200;COELLO
95;GUAVIARE;200;MIRAFLORES
52;NARINO;203;COLON
15;BOYACA;204;COMBITA
70;SUCRE;204;COLOSO
18;CAQUETA;205;CURILLO
27;CHOCO;205;CONDOTO
47;MAGDALENA;205;CONCORDIA
05;ANTIOQUIA;206;CONCEPCION
41;HUILA;206;COLOMBIA
54;NORTE DE SANTANDER;206;CONVENCION
52;NARINO;207;CONSACA
68;SANTANDER;207;CONCEPCION
05;ANTIOQUIA;209;CONCORDIA
68;SANTANDER;209;CONFINES
52;NARINO;210;CONTADERO
68;SANTANDER;211;CONTRATACION
05;ANTIOQUIA;212;COPACABANA
13;BOLIVAR;212;CORDOBA
15;BOYACA;212;COPER
19;CAUCA;212;CORINTO
63;QUINDIO;212;CORDOBA
25;CUNDINAMARCA;214;COTA
15;BOYACA;215;CORRALES
52;NARINO;215;CORDOBA
70;SUCRE;215;COROZAL
68;SANTANDER;217;COROMORO
73;TOLIMA;217;COYAIMA
15;BOYACA;218;COVARACHIA
86;PUTUMAYO;219;COLON
81;ARAUCA;220;CRAVO NORTE
70;SUCRE;221;COVENAS
13;BOLIVAR;222;CLEMENCIA
15;BOYACA;223;CUBARA
50;META;223;CUBARRAL
54;NORTE DE SANTANDER;223;CUCUTILLA
15;BOYACA;224;CUCAITA
25;CUNDINAMARCA;224;CUCUNUBA
52;NARINO;224;CUASPUD
85;CASANARE;225;NUNCHIA
15;BOYACA;226;CUITIVA
50;META;226;CUMARAL
73;TOLIMA;226;CUNDAY
52;NARINO;227;CUMBAL
20;CESAR;228;CURUMANI
68;SANTANDER;229;CURITI
70;SUCRE;230;CHALAN
85;CASANARE;230;OROCUE
15;BOYACA;232;CHIQUIZA
52;NARINO;233;CUMBITARA
70;SUCRE;233;EL ROBLE
76;VALLE DEL CAUCA;233;DAGUA
05;ANTIOQUIA;234;DABEIBA
68;SANTANDER;235;EL CARMEN DE CHUCURI
70;SUCRE;235;GALERAS
15;BOYACA;236;CHIVOR
73;TOLIMA;236;DOLORES
05;ANTIOQUIA;237;DONMATIAS
15;BOYACA;238;DUITAMA
20;CESAR;238;EL COPEY
54;NORTE DE SANTANDER;239;DURANIA
05;ANTIOQUIA;240;EBEJICO
52;NARINO;240;CHACHAGUI
76;VALLE DEL CAUCA;243;EL AGUILA
13;BOLIVAR;244;EL CARMEN DE BOLIVAR
15;BOYACA;244;EL COCUY
41;HUILA;244;ELIAS
25;CUNDINAMARCA;245;EL COLEGIO
27;CHOCO;245;EL CARMEN DE ATRATO
47;MAGDALENA;245;EL BANCO
50;META;245;EL CALVARIO
54;NORTE DE SANTANDER;245;EL CARMEN
68;SANTANDER;245;EL GUACAMAYO
76;VALLE DEL CAUCA;246;EL CAIRO
18;CAQUETA;247;EL DONCELLO
13;BOLIVAR;248;EL GUAMO
15;BOYACA;248;EL ESPINO
76;VALLE DEL CAUCA;248;EL CERRITO
05;ANTIOQUIA;250;EL BAGRE
20;CESAR;250;EL PASO
27;CHOCO;250;EL LITORAL DEL SAN JUAN
52;NARINO;250;EL CHARCO
54;NORTE DE SANTANDER;250;EL TARRA
68;SANTANDER;250;EL PENON
76;VALLE DEL CAUCA;250;EL DOVIO
85;CASANARE;250;PAZ DE ARIPORO
50;META;251;EL CASTILLO
52;NARINO;254;EL PENOL
68;SANTANDER;255;EL PLAYON
18;CAQUETA;256;EL PAUJIL
19;CAUCA;256;EL TAMBO
52;NARINO;256;EL ROSARIO
25;CUNDINAMARCA;258;EL PENON
47;MAGDALENA;258;EL PINON
52;NARINO;258;EL TABLON DE GOMEZ
25;CUNDINAMARCA;260;EL ROSAL
52;NARINO;260;EL TAMBO
54;NORTE DE SANTANDER;261;EL ZULIA
85;CASANARE;263;PORE
91;AMAZONAS;263;EL ENCANTO
05;ANTIOQUIA;264;ENTRERRIOS
68;SANTANDER;264;ENCINO
70;SUCRE;265;GUARANDA
05;ANTIOQUIA;266;ENVIGADO
68;SANTANDER;266;ENCISO
13;BOLIVAR;268;EL PENON
47;MAGDALENA;268;EL RETEN
73;TOLIMA;268;ESPINAL
25;CUNDINAMARCA;269;FACATATIVA
50;META;270;EL DORADO
73;TOLIMA;270;FALAN
68;SANTANDER;271;FLORIAN
15;BOYACA;272;FIRAVITOBA
17;CALDAS;272;FILADELFIA
63;QUINDIO;272;FILANDIA
73;TOLIMA;275;FLANDES
76;VALLE DEL CAUCA;275;FLORIDA
15;BOYACA;276;FLORESTA
68;SANTANDER;276;FLORIDABLANCA
25;CUNDINAMARCA;279;FOMEQUE
44;LA GUAJIRA;279;FONSECA
85;CASANARE;279;RECETOR
25;CUNDINAMARCA;281;FOSCA
05;ANTIOQUIA;282;FREDONIA
73;TOLIMA;283;FRESNO
05;ANTIOQUIA;284;FRONTINO
25;CUNDINAMARCA;286;FUNZA
50;META;287;FUENTEDEORO
52;NARINO;287;FUNES
25;CUNDINAMARCA;288;FUQUENE
47;MAGDALENA;288;FUNDACION
19;CAUCA;290;FLORENCIA
25;CUNDINAMARCA;290;FUSAGASUGA
15;BOYACA;293;GACHANTIVA
25;CUNDINAMARCA;293;GACHALA
20;CESAR;295;GAMARRA
25;CUNDINAMARCA;295;GACHANCIPA
08;ATLANTICO;296;GALAPA
15;BOYACA;296;GAMEZA
68;SANTANDER;296;GALAN
25;CUNDINAMARCA;297;GACHETA
41;HUILA;298;GARZON
68;SANTANDER;298;GAMBITA
15;BOYACA;299;GARAGOA
25;CUNDINAMARCA;299;GAMA
13;BOLIVAR;300;HATILLO DE LOBA
19;CAUCA;300;GUACHENE
23;CORDOBA;300;COTORRA
81;ARAUCA;300;FORTUL
85;CASANARE;300;SABANALARGA
63;QUINDIO;302;GENOVA
05;ANTIOQUIA;306;GIRALDO
41;HUILA;306;GIGANTE
76;VALLE DEL CAUCA;306;GINEBRA
25;CUNDINAMARCA;307;GIRARDOT
68;SANTANDER;307;GIRON
05;ANTIOQUIA;308;GIRARDOTA
05;ANTIOQUIA;310;GOMEZ PLATA
20;CESAR;310;GONZALEZ
25;CUNDINAMARCA;312;GRANADA
05;ANTIOQUIA;313;GRANADA
50;META;313;GRANADA
54;NORTE DE SANTANDER;313;GRAMALOTE
05;ANTIOQUIA;315;GUADALUPE
85;CASANARE;315;SACAMA
15;BOYACA;317;GUACAMAYAS
25;CUNDINAMARCA;317;GUACHETA
52;NARINO;317;GUACHUCAL
05;ANTIOQUIA;318;GUARNE
19;CAUCA;318;GUAPI
47;MAGDALENA;318;GUAMAL
50;META;318;GUAMAL
66;RISARALDA;318;GUATICA
68;SANTANDER;318;GUACA
76;VALLE DEL CAUCA;318;GUACARI
41;HUILA;319;GUADALUPE
73;TOLIMA;319;GUAMO
25;CUNDINAMARCA;320;GUADUAS
52;NARINO;320;GUAITARILLA
68;SANTANDER;320;GUADALUPE
86;PUTUMAYO;320;ORITO
05;ANTIOQUIA;321;GUATAPE
15;BOYACA;322;GUATEQUE
25;CUNDINAMARCA;322;GUASCA
68;SANTANDER;322;GUAPOTA
52;NARINO;323;GUALMATAN
25;CUNDINAMARCA;324;GUATAQUI
68;SANTANDER;324;GUAVATA
15;BOYACA;325;GUAYATA
50;META;325;MAPIRIPAN
85;CASANARE;325;SAN LUIS DE PALENQUE
25;CUNDINAMARCA;326;GUATAVITA
68;SANTANDER;327;GUEPSA
25;CUNDINAMARCA;328;GUAYABAL DE SIQUIMA
50;META;330;MESETAS
15;BOYACA;332;GUICAN DE LA SIERRA
25;CUNDINAMARCA;335;GUAYABETAL
25;CUNDINAMARCA;339;GUTIERREZ
94;GUAINIA;343;BARRANCO MINAS
54;NORTE DE SANTANDER;344;HACARI
68;SANTANDER;344;HATO
05;ANTIOQUIA;347;HELICONIA
54;NORTE DE SANTANDER;347;HERRAN
73;TOLIMA;347;HERVEO
41;HUILA;349;HOBO
73;TOLIMA;349;HONDA
23;CORDOBA;350;LA APARTADA
50;META;350;LA MACARENA
52;NARINO;352;ILES
73;TOLIMA;352;ICONONZO
05;ANTIOQUIA;353;HISPANIA
52;NARINO;354;IMUES
19;CAUCA;355;INZA
52;NARINO;356;IPIALES
41;HUILA;357;IQUIRA
41;HUILA;359;ISNOS
05;ANTIOQUIA;360;ITAGUI
05;ANTIOQUIA;361;ITUANGO
27;CHOCO;361;ISTMINA
15;BOYACA;362;IZA
05;ANTIOQUIA;364;JARDIN
19;CAUCA;364;JAMBALO
76;VALLE DEL CAUCA;364;JAMUNDI
15;BOYACA;367;JENESANO
05;ANTIOQUIA;368;JERICO
15;BOYACA;368;JERICO
25;CUNDINAMARCA;368;JERUSALEN
68;SANTANDER;368;JESUS MARIA
50;META;370;URIBE
68;SANTANDER;370;JORDAN
08;ATLANTICO;372;JUAN DE ACOSTA
25;CUNDINAMARCA;372;JUNIN
27;CHOCO;372;JURADO
05;ANTIOQUIA;376;LA CEJA
15;BOYACA;377;LABRANZAGRANDE
25;CUNDINAMARCA;377;LA CALERA
54;NORTE DE SANTANDER;377;LABATECA
68;SANTANDER;377;LA BELLEZA
76;VALLE DEL CAUCA;377;LA CUMBRE
41;HUILA;378;LA ARGENTINA
44;LA GUAJIRA;378;HATONUEVO
52;NARINO;378;LA CRUZ
05;ANTIOQUIA;380;LA ESTRELLA
15;BOYACA;380;LA CAPILLA
17;CALDAS;380;LA DORADA
52;NARINO;381;LA FLORIDA
20;CESAR;383;LA GLORIA
66;RISARALDA;383;LA CELIA
52;NARINO;385;LA LLANADA
54;NORTE DE SANTANDER;385;LA ESPERANZA
68;SANTANDER;385;LANDAZURI
25;CUNDINAMARCA;386;LA MESA
17;CALDAS;388;LA MERCED
05;ANTIOQUIA;390;LA PINTADA
52;NARINO;390;LA TOLA
19;CAUCA;392;LA SIERRA
25;CUNDINAMARCA;394;LA PALMA
41;HUILA;396;LA PLATA
19;CAUCA;397;LA VEGA
68;SANTANDER;397;LA PAZ
25;CUNDINAMARCA;398;LA PENA
54;NORTE DE SANTANDER;398;LA PLAYA
52;NARINO;399;LA UNION
05;ANTIOQUIA;400;LA UNION
20;CESAR;400;LA JAGUA DE IBIRICO
50;META;400;LEJANIAS
66;RISARALDA;400;LA VIRGINIA
70;SUCRE;400;LA UNION
76;VALLE DEL CAUCA;400;LA UNION
85;CASANARE;400;TAMARA
15;BOYACA;401;LA VICTORIA
63;QUINDIO;401;LA TEBAIDA
25;CUNDINAMARCA;402;LA VEGA
15;BOYACA;403;LA UVITA
76;VALLE DEL CAUCA;403;LA VICTORIA
52;NARINO;405;LEIVA
54;NORTE DE SANTANDER;405;LOS PATIOS
91;AMAZONAS;405;LA CHORRERA
68;SANTANDER;406;LEBRIJA
15;BOYACA;407;VILLA DE LEYVA
25;CUNDINAMARCA;407;LENGUAZAQUE
91;AMAZONAS;407;LA PEDRERA
73;TOLIMA;408;LERIDA
18;CAQUETA;410;LA MONTANITA
85;CASANARE;410;TAURAMENA
05;ANTIOQUIA;411;LIBORINA
52;NARINO;411;LINARES
73;TOLIMA;411;LIBANO
27;CHOCO;413;LLORO
23;CORDOBA;417;LORICA
19;CAUCA;418;LOPEZ DE MICAY
52;NARINO;418;LOS ANDES
54;NORTE DE SANTANDER;418;LOURDES
68;SANTANDER;418;LOS SANTOS
70;SUCRE;418;LOS PALMITOS
23;CORDOBA;419;LOS CORDOBAS
44;LA GUAJIRA;420;LA JAGUA DEL PILAR
08;ATLANTICO;421;LURUACO
05;ANTIOQUIA;425;MACEO
15;BOYACA;425;MACANAL
27;CHOCO;425;MEDIO ATRATO
68;SANTANDER;425;MACARAVITA
25;CUNDINAMARCA;426;MACHETA
52;NARINO;427;MAGUI
70;SUCRE;429;MAJAGUAL
13;BOLIVAR;430;MAGANGUE
25;CUNDINAMARCA;430;MADRID
27;CHOCO;430;MEDIO BAUDO
44;LA GUAJIRA;430;MAICAO
85;CASANARE;430;TRINIDAD
91;AMAZONAS;430;LA VICTORIA
68;SANTANDER;432;MALAGA
08;ATLANTICO;433;MALAMBO
13;BOLIVAR;433;MAHATES
17;CALDAS;433;MANZANARES
52;NARINO;435;MALLAMA
08;ATLANTICO;436;MANATI
25;CUNDINAMARCA;436;MANTA
25;CUNDINAMARCA;438;MEDINA
05;ANTIOQUIA;440;MARINILLA
13;BOLIVAR;440;MARGARITA
66;RISARALDA;440;MARSELLA
85;CASANARE;440;VILLANUEVA
13;BOLIVAR;442;MARIA LA BAJA
15;BOYACA;442;MARIPI
17;CALDAS;442;MARMATO
20;CESAR;443;MANAURE BALCON DEL CESAR
73;TOLIMA;443;SAN SEBASTIAN DE MARIQUITA
17;CALDAS;444;MARQUETALIA
68;SANTANDER;444;MATANZA
17;CALDAS;446;MARULANDA
73;TOLIMA;449;MELGAR
19;CAUCA;450;MERCADERES
27;CHOCO;450;MEDIO SAN JUAN
50;META;450;PUERTO CONCORDIA
15;BOYACA;455;MIRAFLORES
19;CAUCA;455;MIRANDA
66;RISARALDA;456;MISTRATO
13;BOLIVAR;458;MONTECRISTO
18;CAQUETA;460;MILAN
47;MAGDALENA;460;NUEVA GRANADA
73;TOLIMA;461;MURILLO
15;BOYACA;464;MONGUA
23;CORDOBA;464;MOMIL
68;SANTANDER;464;MOGOTES
15;BOYACA;466;MONGUI
23;CORDOBA;466;MONTELIBANO
05;ANTIOQUIA;467;MONTEBELLO
13;BOLIVAR;468;MOMPOS
68;SANTANDER;468;MOLAGAVITA
15;BOYACA;469;MONIQUIRA
63;QUINDIO;470;MONTENEGRO
13;BOLIVAR;473;MORALES
19;CAUCA;473;MORALES
25;CUNDINAMARCA;473;MOSQUERA
52;NARINO;473;MOSQUERA
70;SUCRE;473;MORROA
05;ANTIOQUIA;475;MURINDO
15;BOYACA;476;MOTAVITA
18;CAQUETA;479;MORELIA
05;ANTIOQUIA;480;MUTATA
15;BOYACA;480;MUZO
52;NARINO;480;NARINO
54;NORTE DE SANTANDER;480;MUTISCUA
05;ANTIOQUIA;483;NARINO
25;CUNDINAMARCA;483;NARINO
41;HUILA;483;NATAGA
73;TOLIMA;483;NATAGAIMA
17;CALDAS;486;NEIRA
25;CUNDINAMARCA;486;NEMOCON
25;CUNDINAMARCA;488;NILO
25;CUNDINAMARCA;489;NIMAIMA
05;ANTIOQUIA;490;NECOCLI
13;BOLIVAR;490;NOROSI
52;NARINO;490;OLAYA HERRERA
15;BOYACA;491;NOBSA
25;CUNDINAMARCA;491;NOCAIMA
27;CHOCO;491;NOVITA
15;BOYACA;494;NUEVO COLON
05;ANTIOQUIA;495;NECHI
17;CALDAS;495;NORCASIA
27;CHOCO;495;NUQUI
76;VALLE DEL CAUCA;497;OBANDO
54;NORTE DE SANTANDER;498;OCANA
68;SANTANDER;498;OCAMONTE
15;BOYACA;500;OICATA
23;CORDOBA;500;MONITOS
68;SANTANDER;500;OIBA
05;ANTIOQUIA;501;OLAYA
68;SANTANDER;502;ONZAGA
41;HUILA;503;OPORAPA
73;TOLIMA;504;ORTEGA
25;CUNDINAMARCA;506;VENECIA
52;NARINO;506;OSPINA
15;BOYACA;507;OTANCHE
70;SUCRE;508;OVEJAS
15;BOYACA;511;PACHAVITA
17;CALDAS;513;PACORA
19;CAUCA;513;PADILLA
25;CUNDINAMARCA;513;PACHO
15;BOYACA;514;PAEZ
15;BOYACA;516;PAIPA
19;CAUCA;517;PAEZ
20;CESAR;517;PAILITAS
15;BOYACA;518;PAJARITO
25;CUNDINAMARCA;518;PAIME
41;HUILA;518;PAICOL
54;NORTE DE SANTANDER;518;PAMPLONA
08;ATLANTICO;520;PALMAR DE VARELA
52;NARINO;520;FRANCISCO PIZARRO
54;NORTE DE SANTANDER;520;PAMPLONITA
73;TOLIMA;520;PALOCABILDO
76;VALLE DEL CAUCA;520;PALMIRA
15;BOYACA;522;PANQUEBA
68;SANTANDER;522;PALMAR
70;SUCRE;523;PALMITO
17;CALDAS;524;PALESTINA
25;CUNDINAMARCA;524;PANDI
41;HUILA;524;PALERMO
68;SANTANDER;524;PALMAS DEL SOCORRO
99;VICHADA;524;LA PRIMAVERA
25;CUNDINAMARCA;530;PARATEBUENO
41;HUILA;530;PALESTINA
91;AMAZONAS;530;PUERTO ALEGRIA
15;BOYACA;531;PAUNA
19;CAUCA;532;PATIA
15;BOYACA;533;PAYA
19;CAUCA;533;PIAMONTE
68;SANTANDER;533;PARAMO
25;CUNDINAMARCA;535;PASCA
91;AMAZONAS;536;PUERTO ARICA
15;BOYACA;537;PAZ DE RIO
52;NARINO;540;POLICARPA
91;AMAZONAS;540;PUERTO NARINO
05;ANTIOQUIA;541;PENOL
17;CALDAS;541;PENSILVANIA
47;MAGDALENA;541;PEDRAZA
15;BOYACA;542;PESCA
05;ANTIOQUIA;543;PEQUE
47;MAGDALENA;545;PIJINO DEL CARMEN
68;SANTANDER;547;PIEDECUESTA
73;TOLIMA;547;PIEDRAS
19;CAUCA;548;PIENDAMO - TUNIA
41;HUILA;548;PITAL
63;QUINDIO;548;PIJAO
08;ATLANTICO;549;PIOJO
13;BOLIVAR;549;PINILLOS
68;SANTANDER;549;PINCHOTE
15;BOYACA;550;PISBA
20;CESAR;550;PELAYA
41;HUILA;551;PITALITO
47;MAGDALENA;551;PIVIJAY
54;NORTE DE SANTANDER;553;PUERTO SANTANDER
23;CORDOBA;555;PLANETA RICA
47;MAGDALENA;555;PLATO
73;TOLIMA;555;PLANADAS
08;ATLANTICO;558;POLONUEVO
08;ATLANTICO;560;PONEDERA
44;LA GUAJIRA;560;MANAURE
52;NARINO;560;POTOSI
73;TOLIMA;563;PRADO
76;VALLE DEL CAUCA;563;PRADERA
88;ARCHIPIELAGO DE SAN ANDRES, PROVIDENCIA Y SANTA CATALINA;564;PROVIDENCIA
52;NARINO;565;PROVIDENCIA
50;META;568;PUERTO GAITAN
86;PUTUMAYO;568;PUERTO ASIS
86;PUTUMAYO;569;PUERTO CAICEDO
20;CESAR;570;PUEBLO BELLO
23;CORDOBA;570;PUEBLO NUEVO
47;MAGDALENA;570;PUEBLOVIEJO
86;PUTUMAYO;571;PUERTO GUZMAN
15;BOYACA;572;PUERTO BOYACA
25;CUNDINAMARCA;572;PUERTO SALGAR
66;RISARALDA;572;PUEBLO RICO
68;SANTANDER;572;PUENTE NACIONAL
08;ATLANTICO;573;PUERTO COLOMBIA
19;CAUCA;573;PUERTO TEJADA
50;META;573;PUERTO LOPEZ
52;NARINO;573;PUERRES
68;SANTANDER;573;PUERTO PARRA
86;PUTUMAYO;573;PUERTO LEGUIZAMO
23;CORDOBA;574;PUERTO ESCONDIDO
68;SANTANDER;575;PUERTO WILCHES
05;ANTIOQUIA;576;PUEBLORRICO
50;META;577;PUERTO LLERAS
05;ANTIOQUIA;579;PUERTO BERRIO
13;BOLIVAR;580;REGIDOR
15;BOYACA;580;QUIPAMA
23;CORDOBA;580;PUERTO LIBERTADOR
25;CUNDINAMARCA;580;PULI
27;CHOCO;580;RIO IRO
05;ANTIOQUIA;585;PUERTO NARE
19;CAUCA;585;PURACE
52;NARINO;585;PUPIALES
73;TOLIMA;585;PURIFICACION
23;CORDOBA;586;PURISIMA DE LA CONCEPCION
50;META;590;PUERTO RICO
05;ANTIOQUIA;591;PUERTO TRIUNFO
81;ARAUCA;591;PUERTO RONDON
18;CAQUETA;592;PUERTO RICO
25;CUNDINAMARCA;592;QUEBRADANEGRA
25;CUNDINAMARCA;594;QUETAME
63;QUINDIO;594;QUIMBAYA
66;RISARALDA;594;QUINCHIA
25;CUNDINAMARCA;596;QUIPILE
15;BOYACA;599;RAMIRIQUI
25;CUNDINAMARCA;599;APULO
54;NORTE DE SANTANDER;599;RAGONVALIA
13;BOLIVAR;600;RIO VIEJO
15;BOYACA;600;RAQUIRA
27;CHOCO;600;RIO QUITO
05;ANTIOQUIA;604;REMEDIOS
47;MAGDALENA;605;REMOLINO
08;ATLANTICO;606;REPELON
50;META;606;RESTREPO
76;VALLE DEL CAUCA;606;RESTREPO
05;ANTIOQUIA;607;RETIRO
18;CAQUETA;610;SAN JOSE DEL FRAGUA
25;CUNDINAMARCA;612;RICAURTE
52;NARINO;612;RICAURTE
17;CALDAS;614;RIOSUCIO
20;CESAR;614;RIO DE ORO
05;ANTIOQUIA;615;RIONEGRO
27;CHOCO;615;RIOSUCIO
41;HUILA;615;RIVERA
68;SANTANDER;615;RIONEGRO
17;CALDAS;616;RISARALDA
73;TOLIMA;616;RIOBLANCO
76;VALLE DEL CAUCA;616;RIOFRIO
13;BOLIVAR;620;SAN CRISTOBAL
15;BOYACA;621;RONDON
20;CESAR;621;LA PAZ
52;NARINO;621;ROBERTO PAYAN
19;CAUCA;622;ROSAS
73;TOLIMA;622;RONCESVALLES
76;VALLE DEL CAUCA;622;ROLDANILLO
73;TOLIMA;624;ROVIRA
99;VICHADA;624;SANTA ROSALIA
05;ANTIOQUIA;628;SABANALARGA
05;ANTIOQUIA;631;SABANETA
15;BOYACA;632;SABOYA
08;ATLANTICO;634;SABANAGRANDE
08;ATLANTICO;638;SABANALARGA
15;BOYACA;638;SACHICA
05;ANTIOQUIA;642;SALGAR
25;CUNDINAMARCA;645;SAN ANTONIO DEL TEQUENDAMA
15;BOYACA;646;SAMACA
05;ANTIOQUIA;647;SAN ANDRES DE CUERQUIA
13;BOLIVAR;647;SAN ESTANISLAO
05;ANTIOQUIA;649;SAN CARLOS
25;CUNDINAMARCA;649;SAN BERNARDO
13;BOLIVAR;650;SAN FERNANDO
44;LA GUAJIRA;650;SAN JUAN DEL CESAR
05;ANTIOQUIA;652;SAN FRANCISCO
17;CALDAS;653;SALAMINA
25;CUNDINAMARCA;653;SAN CAYETANO
13;BOLIVAR;654;SAN JACINTO
13;BOLIVAR;655;SAN JACINTO DEL CAUCA
68;SANTANDER;655;SABANA DE TORRES
05;ANTIOQUIA;656;SAN JERONIMO
13;BOLIVAR;657;SAN JUAN NEPOMUCENO
05;ANTIOQUIA;658;SAN JOSE DE LA MONTANA
25;CUNDINAMARCA;658;SAN FRANCISCO
05;ANTIOQUIA;659;SAN JUAN DE URABA
05;ANTIOQUIA;660;SAN LUIS
15;BOYACA;660;SAN EDUARDO
23;CORDOBA;660;SAHAGUN
27;CHOCO;660;SAN JOSE DEL PALMAR
41;HUILA;660;SALADOBLANCO
47;MAGDALENA;660;SABANAS DE SAN ANGEL
54;NORTE DE SANTANDER;660;SALAZAR
17;CALDAS;662;SAMANA
25;CUNDINAMARCA;662;SAN JUAN DE RIOSECO
05;ANTIOQUIA;664;SAN PEDRO DE LOS MILAGROS
15;BOYACA;664;SAN JOSE DE PARE
05;ANTIOQUIA;665;SAN PEDRO DE URABA
17;CALDAS;665;SAN JOSE
97;VAUPES;666;TARAIRA
05;ANTIOQUIA;667;SAN RAFAEL
13;BOLIVAR;667;SAN MARTIN DE LOBA
15;BOYACA;667;SAN LUIS DE GACENO
41;HUILA;668;SAN AGUSTIN
68;SANTANDER;669;SAN ANDRES
91;AMAZONAS;669;PUERTO SANTANDER
05;ANTIOQUIA;670;SAN ROQUE
13;BOLIVAR;670;SAN PABLO
23;CORDOBA;670;SAN ANDRES DE SOTAVENTO
54;NORTE DE SANTANDER;670;SAN CALIXTO
70;SUCRE;670;SAMPUES
76;VALLE DEL CAUCA;670;SAN PEDRO
73;TOLIMA;671;SALDANA
23;CORDOBA;672;SAN ANTERO
13;BOLIVAR;673;SANTA CATALINA
15;BOYACA;673;SAN MATEO
54;NORTE DE SANTANDER;673;SAN CAYETANO
68;SANTANDER;673;SAN BENITO
05;ANTIOQUIA;674;SAN VICENTE FERRER
08;ATLANTICO;675;SANTA LUCIA
23;CORDOBA;675;SAN BERNARDO DEL VIENTO
47;MAGDALENA;675;SALAMINA
73;TOLIMA;675;SAN ANTONIO
15;BOYACA;676;SAN MIGUEL DE SEMA
41;HUILA;676;SANTA MARIA
23;CORDOBA;678;SAN CARLOS
52;NARINO;678;SAMANIEGO
70;SUCRE;678;SAN BENITO ABAD
73;TOLIMA;678;SAN LUIS
05;ANTIOQUIA;679;SANTA BARBARA
68;SANTANDER;679;SAN GIL
50;META;680;SAN CARLOS DE GUAROA
54;NORTE DE SANTANDER;680;SANTIAGO
15;BOYACA;681;SAN PABLO DE BORBUR
23;CORDOBA;682;SAN JOSE DE URE
66;RISARALDA;682;SANTA ROSA DE CABAL
68;SANTANDER;682;SAN JOAQUIN
13;BOLIVAR;683;SANTA ROSA
50;META;683;SAN JUAN DE ARAMA
52;NARINO;683;SANDONA
68;SANTANDER;684;SAN JOSE DE MIRANDA
08;ATLANTICO;685;SANTO TOMAS
52;NARINO;685;SAN BERNARDO
05;ANTIOQUIA;686;SANTA ROSA DE OSOS
15;BOYACA;686;SANTANA
23;CORDOBA;686;SAN PELAYO
50;META;686;SAN JUANITO
68;SANTANDER;686;SAN MIGUEL
73;TOLIMA;686;SANTA ISABEL
52;NARINO;687;SAN LORENZO
66;RISARALDA;687;SANTUARIO
13;BOLIVAR;688;SANTA ROSA DEL SUR
50;META;689;SAN MARTIN
68;SANTANDER;689;SAN VICENTE DE CHUCURI
05;ANTIOQUIA;690;SANTO DOMINGO
15;BOYACA;690;SANTA MARIA
63;QUINDIO;690;SALENTO
47;MAGDALENA;692;SAN SEBASTIAN DE BUENAVISTA
15;BOYACA;693;SANTA ROSA DE VITERBO
19;CAUCA;693;SAN SEBASTIAN
52;NARINO;693;SAN PABLO
52;NARINO;694;SAN PEDRO DE CARTAGO
15;BOYACA;696;SANTA SOFIA
52;NARINO;696;SANTA BARBARA
05;ANTIOQUIA;697;EL SANTUARIO
19;CAUCA;698;SANTANDER DE QUILICHAO
52;NARINO;699;SANTACRUZ
19;CAUCA;701;SANTA ROSA
70;SUCRE;702;SAN JUAN DE BETULIA
47;MAGDALENA;703;SAN ZENON
68;SANTANDER;705;SANTA BARBARA
47;MAGDALENA;707;SANTA ANA
70;SUCRE;708;SAN MARCOS
20;CESAR;710;SAN ALBERTO
50;META;711;VISTAHERMOSA
70;SUCRE;713;SAN ONOFRE
70;SUCRE;717;SAN PEDRO
25;CUNDINAMARCA;718;SASAIMA
15;BOYACA;720;SATIVANORTE
47;MAGDALENA;720;SANTA BARBARA DE PINTO
52;NARINO;720;SAPUYES
54;NORTE DE SANTANDER;720;SARDINATA
68;SANTANDER;720;SANTA HELENA DEL OPON
15;BOYACA;723;SATIVASUR
05;ANTIOQUIA;736;SEGOVIA
25;CUNDINAMARCA;736;SESQUILE
76;VALLE DEL CAUCA;736;SEVILLA
81;ARAUCA;736;SARAVENA
15;BOYACA;740;SIACHOQUE
25;CUNDINAMARCA;740;SIBATE
70;SUCRE;742;SAN LUIS DE SINCE
19;CAUCA;743;SILVIA
25;CUNDINAMARCA;743;SILVANIA
54;NORTE DE SANTANDER;743;SILOS
13;BOLIVAR;744;SIMITI
25;CUNDINAMARCA;745;SIMIJACA
27;CHOCO;745;SIPI
47;MAGDALENA;745;SITIONUEVO
68;SANTANDER;745;SIMACOTA
86;PUTUMAYO;749;SIBUNDOY
20;CESAR;750;SAN DIEGO
15;BOYACA;753;SOATA
18;CAQUETA;753;SAN VICENTE DEL CAGUAN
25;CUNDINAMARCA;754;SOACHA
15;BOYACA;755;SOCOTA
68;SANTANDER;755;SOCORRO
86;PUTUMAYO;755;SAN FRANCISCO
05;ANTIOQUIA;756;SONSON
18;CAQUETA;756;SOLANO
15;BOYACA;757;SOCHA
86;PUTUMAYO;757;SAN MIGUEL
08;ATLANTICO;758;SOLEDAD
25;CUNDINAMARCA;758;SOPO
15;BOYACA;759;SOGAMOSO
13;BOLIVAR;760;SOPLAVIENTO
19;CAUCA;760;SOTARA
86;PUTUMAYO;760;SANTIAGO
05;ANTIOQUIA;761;SOPETRAN
15;BOYACA;761;SOMONDOCO
15;BOYACA;762;SORA
15;BOYACA;763;SOTAQUIRA
15;BOYACA;764;SORACA
25;CUNDINAMARCA;769;SUBACHOQUE
08;ATLANTICO;770;SUAN
20;CESAR;770;SAN MARTIN
41;HUILA;770;SUAZA
68;SANTANDER;770;SUAITA
73;TOLIMA;770;SUAREZ
70;SUCRE;771;SUCRE
25;CUNDINAMARCA;772;SUESCA
68;SANTANDER;773;SUCRE
99;VICHADA;773;CUMARIBO
15;BOYACA;774;SUSACON
15;BOYACA;776;SUTAMARCHAN
17;CALDAS;777;SUPIA
25;CUNDINAMARCA;777;SUPATA
15;BOYACA;778;SUTATENZA
25;CUNDINAMARCA;779;SUSA
13;BOLIVAR;780;TALAIGUA NUEVO
19;CAUCA;780;SUAREZ
68;SANTANDER;780;SURATA
25;CUNDINAMARCA;781;SUTATAUSA
18;CAQUETA;785;SOLITA
19;CAUCA;785;SUCRE
25;CUNDINAMARCA;785;TABIO
52;NARINO;786;TAMINANGO
20;CESAR;787;TAMALAMEQUE
27;CHOCO;787;TADO
52;NARINO;788;TANGUA
05;ANTIOQUIA;789;TAMESIS
05;ANTIOQUIA;790;TARAZA
15;BOYACA;790;TASCO
41;HUILA;791;TARQUI
05;ANTIOQUIA;792;TARSO
25;CUNDINAMARCA;793;TAUSA
81;ARAUCA;794;TAME
25;CUNDINAMARCA;797;TENA
41;HUILA;797;TESALIA
15;BOYACA;798;TENZA
47;MAGDALENA;798;TENERIFE
91;AMAZONAS;798;TARAPACA
25;CUNDINAMARCA;799;TENJO
41;HUILA;799;TELLO
27;CHOCO;800;UNGUIA
54;NORTE DE SANTANDER;800;TEORAMA
41;HUILA;801;TERUEL
15;BOYACA;804;TIBANA
25;CUNDINAMARCA;805;TIBACUY
15;BOYACA;806;TIBASOSA
19;CAUCA;807;TIMBIO
23;CORDOBA;807;TIERRALTA
25;CUNDINAMARCA;807;TIBIRITA
41;HUILA;807;TIMANA
15;BOYACA;808;TINJACA
05;ANTIOQUIA;809;TITIRIBI
19;CAUCA;809;TIMBIQUI
13;BOLIVAR;810;TIQUISIO
15;BOYACA;810;TIPACOQUE
27;CHOCO;810;UNION PANAMERICANA
54;NORTE DE SANTANDER;810;TIBU
15;BOYACA;814;TOCA
23;CORDOBA;815;TUCHIN
25;CUNDINAMARCA;815;TOCAIMA
15;BOYACA;816;TOGUI
25;CUNDINAMARCA;817;TOCANCIPA
05;ANTIOQUIA;819;TOLEDO
15;BOYACA;820;TOPAGA
54;NORTE DE SANTANDER;820;TOLEDO
68;SANTANDER;820;TONA
70;SUCRE;820;SANTIAGO DE TOLU
19;CAUCA;821;TORIBIO
15;BOYACA;822;TOTA
25;CUNDINAMARCA;823;TOPAIPI
70;SUCRE;823;TOLU VIEJO
76;VALLE DEL CAUCA;823;TORO
19;CAUCA;824;TOTORO
76;VALLE DEL CAUCA;828;TRUJILLO
08;ATLANTICO;832;TUBARA
15;BOYACA;832;TUNUNGUA
76;VALLE DEL CAUCA;834;TULUA
15;BOYACA;835;TURMEQUE
52;NARINO;835;SAN ANDRES DE TUMACO
13;BOLIVAR;836;TURBACO
05;ANTIOQUIA;837;TURBO
15;BOYACA;837;TUTA
13;BOLIVAR;838;TURBANA
52;NARINO;838;TUQUERRES
15;BOYACA;839;TUTAZA
25;CUNDINAMARCA;839;UBALA
25;CUNDINAMARCA;841;UBAQUE
05;ANTIOQUIA;842;URAMITA
15;BOYACA;842;UMBITA
25;CUNDINAMARCA;843;VILLA DE SAN DIEGO DE UBATE
19;CAUCA;845;VILLA RICA
25;CUNDINAMARCA;845;UNE
76;VALLE DEL CAUCA;845;ULLOA
05;ANTIOQUIA;847;URRAO
44;LA GUAJIRA;847;URIBIA
08;ATLANTICO;849;USIACURI
25;CUNDINAMARCA;851;UTICA
05;ANTIOQUIA;854;VALDIVIA
73;TOLIMA;854;VALLE DE SAN JUAN
23;CORDOBA;855;VALENCIA
44;LA GUAJIRA;855;URUMITA
68;SANTANDER;855;VALLE DE SAN JOSE
05;ANTIOQUIA;856;VALPARAISO
05;ANTIOQUIA;858;VEGACHI
18;CAQUETA;860;VALPARAISO
05;ANTIOQUIA;861;VENECIA
15;BOYACA;861;VENTAQUEMADA
68;SANTANDER;861;VELEZ
73;TOLIMA;861;VENADILLO
25;CUNDINAMARCA;862;VERGARA
76;VALLE DEL CAUCA;863;VERSALLES
86;PUTUMAYO;865;VALLE DEL GUAMUEZ
17;CALDAS;867;VICTORIA
25;CUNDINAMARCA;867;VIANI
68;SANTANDER;867;VETAS
76;VALLE DEL CAUCA;869;VIJES
73;TOLIMA;870;VILLAHERMOSA
25;CUNDINAMARCA;871;VILLAGOMEZ
54;NORTE DE SANTANDER;871;VILLA CARO
41;HUILA;872;VILLAVIEJA
68;SANTANDER;872;VILLANUEVA
05;ANTIOQUIA;873;VIGIA DEL FUERTE
13;BOLIVAR;873;VILLANUEVA
17;CALDAS;873;VILLAMARIA
25;CUNDINAMARCA;873;VILLAPINZON
73;TOLIMA;873;VILLARRICA
44;LA GUAJIRA;874;VILLANUEVA
54;NORTE DE SANTANDER;874;VILLA DEL ROSARIO
25;CUNDINAMARCA;875;VILLETA
17;CALDAS;877;VITERBO
25;CUNDINAMARCA;878;VIOTA
15;BOYACA;879;VIRACACHA
94;GUAINIA;884;PUERTO COLOMBIA
05;ANTIOQUIA;885;YALI
25;CUNDINAMARCA;885;YACOPI
41;HUILA;885;YAGUARA
52;NARINO;885;YACUANQUER
86;PUTUMAYO;885;VILLAGARZON
05;ANTIOQUIA;887;YARUMAL
05;ANTIOQUIA;890;YOLOMBO
76;VALLE DEL CAUCA;890;YOTOCO
76;VALLE DEL CAUCA;892;YUMBO
05;ANTIOQUIA;893;YONDO
13;BOLIVAR;894;ZAMBRANO
05;ANTIOQUIA;895;ZARAGOZA
68;SANTANDER;895;ZAPATOCA
76;VALLE DEL CAUCA;895;ZARZAL
15;BOYACA;897;ZETAQUIRA
25;CUNDINAMARCA;898;ZIPACON
25;CUNDINAMARCA;899;ZIPAQUIRA
47;MAGDALENA;960;ZAPAYAN
47;MAGDALENA;980;ZONA BANANERA